{"cameraMode":{"drawMode":0,"name":"Shaded","section":"Shading Mode"},"sceneLighting":true,"audioPlay":false,"sceneViewState":{"showFog":true,"showMaterialUpdate":false,"showSkybox":true,"showFlares":true,"showImageEffects":true,"showParticleSystems":true},"in2DMode":false,"pivot":{"x":-16.516712188720704,"y":-13.405439376831055,"z":4.084456920623779},"rotation":{"x":0.6554517149925232,"y":-0.01245957426726818,"z":0.0108159389346838,"w":0.7550572156906128},"size":21.0235595703125,"orthographic":false}