{"cameraMode":{"drawMode":0,"name":"Shaded","section":"Shading Mode"},"sceneLighting":true,"audioPlay":false,"sceneViewState":{"showFog":true,"showMaterialUpdate":false,"showSkybox":true,"showFlares":true,"showImageEffects":true,"showParticleSystems":true},"in2DMode":false,"pivot":{"x":-0.20000000298023225,"y":-0.800000011920929,"z":-23.0},"rotation":{"x":0.14205466210842133,"y":-0.40010157227516177,"z":0.06292729824781418,"w":0.9032071232795715},"size":45.69588851928711,"orthographic":true}